iata_code;location_type;country_code;geoname_link;name;asciiname;lang_code;name_list
ABJ;A;CI;http://geonames.org/6296433 ;0.0611036514532;Port Bouet Airport;Port Bouet Airport;ar;
ABJ;C;CI;http://geonames.org/2293538 ;0.0611036514532;Abidjan;Abidjan;ar;أبيدجان
ABT;CA;SA;http://geonames.org/6300010 ;0.012477858081;Al Baha Airport;Al Baha Airport;ar;
ABZ;A;GB;http://geonames.org/6296624 ;0.0765934173297;Aberdeen International Airport;Aberdeen International Airport;ar;
ABZ;C;GB;http://geonames.org/2657832 ;0.0765934173297;Aberdeen;Aberdeen;ar;أبردين
ACC;A;GH;http://geonames.org/2299288 ;0.0735374565541;Kotoka International Airport;Kotoka International Airport;ar;
ACC;C;GH;http://geonames.org/2306104 ;0.0735374565541;Accra;Accra;ar;أكرا
ADD;A;ET;http://geonames.org/6297257 ;0.237113302917;Addis Ababa Bole International Airport;Addis Ababa Bole International Airport;ar;
ADD;C;ET;http://geonames.org/344979 ;0.237113302917;Addis Ababa;Addis Ababa;ar;أديس أبابا
ADE;A;YE;http://geonames.org/6300134 ;0.0103166919764;Aden Airport;Aden Airport;ar;
ADE;C;YE;http://geonames.org/415189 ;0.0103166919764;Aden;Aden;ar;عدن
ADL;A;AU;http://geonames.org/6301322 ;0.0860416518168;Adelaide Airport;Adelaide Airport;ar;
ADL;C;AU;http://geonames.org/2078025 ;0.0860416518168;Adelaide;Adelaide;ar;أديليد
AGA;A;MA;http://geonames.org/6297198 ;0.0189563240241;Agadir–Al Massira Airport;Agadir-Al Massira Airport;ar;مطار المسيرة
AGA;C;MA;http://geonames.org/2561668 ;0.0189563240241;Agadir;Agadir;ar;أڭادير
AGP;A;ES;http://geonames.org/6299346 ;0.0960467524372;Málaga Airport;Malaga Airport;ar;
AGP;C;ES;http://geonames.org/2514256 ;0.104590416559;Málaga;Malaga;ar;ملقة=مالقة
AHB;A;SA;http://geonames.org/6300008 ;0.0589287725042;Abha Regional Airport;Abha Regional Airport;ar;
AHB;C;SA;http://geonames.org/110690 ;0.0589287725042;Abha;Abha;ar;أبها=Abhā|p
AHO;A;IT;http://geonames.org/6299565 ;0.0136526654668;Alghero-Fertilia Airport;Alghero-Fertilia Airport;ar;
AHO;C;IT;http://geonames.org/3183284 ;0.0136526654668;Alghero;Alghero;ar;
AJA;A;FR;http://geonames.org/6299395 ;0.0180467219761;Ajaccio Napoleon Bonaparte Airport;Ajaccio Napoleon Bonaparte Airport;ar;
AJA;C;FR;http://geonames.org/3038334 ;0.0180467219761;Ajaccio;Ajaccio;ar;أجاكسيو
AJF;A;SA;http://geonames.org/399410 ;0.0153057170946;Al-Jawf Domestic Airport;Al-Jawf Domestic Airport;ar;الجوف
AJF;C;SA;http://geonames.org/102527 ;0.0153057170946;Sakakah;Sakakah;ar;Sakākā=سكاكا
AKL;A;NZ;http://geonames.org/6232134 ;0.179789559744;Auckland International Airport;Auckland International Airport;ar;
AKL;C;NZ;http://geonames.org/2193733 ;0.179789559744;Auckland;Auckland;ar;أوكلاند
ALC;A;ES;http://geonames.org/6255112 ;0.0605314981138;Alicante Airport;Alicante Airport;ar;
ALC;C;ES;http://geonames.org/2521978 ;0.0888351660146;Alicante;Alicante;ar;أليكانته
ALG;A;DZ;http://geonames.org/6296363 ;0.170692791563;Algiers Houari Boumediene Airport;Algiers Houari Boumediene Airport;ar;مطار هواري بومدين الدولي
ALG;C;DZ;http://geonames.org/2507480 ;0.170692791563;Algiers;Algiers;ar;الجزائر
AMD;A;IN;http://geonames.org/6301029 ;0.0452407102407;Sardar Vallabhbhai Patel International Airport;Sardar Vallabhbhai Patel International Airport;ar;
AMD;C;IN;http://geonames.org/1279233 ;0.0452407102407;Ahmedabad;Ahmedabad;ar;أحمد آباد
AMM;A;JO;http://geonames.org/393598 ;0.0761611408149;Queen Alia International Airport;Queen Alia International Airport;ar;مطار الملكة علياء الدولي
AMM;C;JO;http://geonames.org/250441 ;0.0761611408149;Amman;Amman;ar;عمّان|p
AMS;A;NL;http://geonames.org/6296680 ;0.531337436967;Amsterdam Airport Schiphol;Amsterdam Airport Schiphol;ar;مطار سخيبول أمستردام
AMS;C;NL;http://geonames.org/2759794 ;0.535060794037;Amsterdam;Amsterdam;ar;أمستردام
ANK;A;TR;http://geonames.org/6301794 ;;Ankara Etimesgut Air Base;Ankara Etimesgut Air Base;ar;
ANK;C;TR;http://geonames.org/323786 ;0.0813193822116;Ankara;Ankara;ar;أنقرة
AOI;A;IT;http://geonames.org/6299602 ;0.0097567187244;Ancona Falconara Airport;Ancona Falconara Airport;ar;
AOI;C;IT;http://geonames.org/3183089 ;0.0097567187244;Ancona;Ancona;ar;
AQI;CA;SA;http://geonames.org/393741 ;0.0107957896331;Qaisumah Domestic Airport;Qaisumah Domestic Airport;ar;
ASM;A;ER;http://geonames.org/6297302 ;0.00977445198994;Asmara Airport;Asmara Airport;ar;
ASM;C;ER;http://geonames.org/343300 ;0.00977445198994;Asmara;Asmara;ar;أسمرة
ATH;A;GR;http://geonames.org/6299484 ;0.180683317372;Athens Eleftherios Venizelos International Airport;Athens Eleftherios Venizelos International Airport;ar;
ATH;C;GR;http://geonames.org/264371 ;0.180683317372;Athens;Athens;ar;أثينا
ATL;A;US;http://geonames.org/4199556 ;0.82563798008;Hartsfield-Jackson Atlanta International Airport;Hartsfield-Jackson Atlanta International Airport;ar;مطار هارتسفيلد جاكسون
ATL;C;US;http://geonames.org/4180439 ;0.810438394735;Atlanta;Atlanta;ar;أتلانتا، جورجيا
ATQ;A;IN;http://geonames.org/6301092 ;0.016755865315;Sri Guru Ram Dass Jee International Airport;Sri Guru Ram Dass Jee International Airport;ar;
ATQ;C;IN;http://geonames.org/1278710 ;0.016755865315;Amritsar;Amritsar;ar;أمريتسار
AUH;A;AE;http://geonames.org/6300092 ;0.244130470068;Abu Dhabi International Airport;Abu Dhabi International Airport;ar;مطار أبوظبي الدولي
AUH;C;AE;http://geonames.org/292968 ;0.248160787285;Abu Dhabi;Abu Dhabi;ar;أبوظبي|p
BAH;A;BH;http://geonames.org/290288 ;0.0949043281012;Bahrain International Airport;Bahrain International Airport;ar;مَطَار اَلْبَحْرَيْن اَلدَّوْلِي
BAH;C;BH;http://geonames.org/290291 ;0.0949043281012;Kingdom of Bahrain;Kingdom of Bahrain;ar;البحرين=دَوْلَة اَلْبَحْرَيْن=مملكة البحرين
BCN;A;ES;http://geonames.org/3115882 ;0.220368311015;Barcelona–El Prat Airport;Barcelona-El Prat Airport;ar;
BCN;C;ES;http://geonames.org/3128760 ;0.30835850413;Barcelona;Barcelona;ar;برشلونة
BDJ;A;ID;http://geonames.org/6301262 ;0.0348367070692;Syamsudin Noor Airport;Syamsudin Noor Airport;ar;
BDJ;C;ID;http://geonames.org/1650213 ;0.0348367070692;Banjarmasin;Banjarmasin;ar;
BDQ;A;IN;http://geonames.org/7668569 ;0.0109241606097;Vadodara Airport;Vadodara Airport;ar;
BDQ;C;IN;http://geonames.org/1253573 ;0.0109241606097;Vadodara;Vadodara;ar;فادودارا
BDS;A;IT;http://geonames.org/6299542 ;0.0172387347913;Brindisi – Salento Airport;Brindisi - Salento Airport;ar;
BDS;C;IT;http://geonames.org/3181528 ;0.0172387347913;Brindisi;Brindisi;ar;
BEG;A;RS;http://geonames.org/6299779 ;0.0684197030542;Belgrade Nikola Tesla Airport;Belgrade Nikola Tesla Airport;ar;
BEG;C;RS;http://geonames.org/792680 ;0.0684197030542;Belgrade;Belgrade;ar;بلغراد
BER;A;DE;http://geonames.org/8181624 ;0.0197072648792;Berlin Brandenburg Airport;Berlin Brandenburg Airport;ar;مطار برلين براندنبرغ
BER;C;DE;http://geonames.org/2950159 ;0.200714089126;Berlin;Berlin;ar;برلين
BES;A;FR;http://geonames.org/6299451 ;0.0150962981032;Brest-Bretagne;Brest-Bretagne;ar;
BES;C;FR;http://geonames.org/3030300 ;0.0150962981032;Brest;Brest;ar;
BEY;A;LB;http://geonames.org/276636 ;0.0714179283428;Beirut International Airport;Beirut International Airport;ar;مطار بيروت رفيق الحريري الدولي
BEY;C;LB;http://geonames.org/276781 ;0.0714179283428;Beirut;Beirut;ar;بيروت|p=بَيْرُوت
BFN;A;ZA;http://geonames.org/994067 ;0.0159574233994;Bloemfontein Airport;Bloemfontein Airport;ar;
BFN;C;ZA;http://geonames.org/1018725 ;0.0159574233994;Bloemfontein;Bloemfontein;ar;بلومفونتين
BGF;A;CF;http://geonames.org/6296971 ;0.008525269307;Bangui Airport;Bangui Airport;ar;
BGF;C;CF;http://geonames.org/2389853 ;0.008525269307;Bangui;Bangui;ar;
BHH;CA;SA;http://geonames.org/6300011 ;0.0128921736022;Bisha;Bisha;ar;
BHJ;A;IN;http://geonames.org/6301034 ;0.00722809841273;Bhuj Airport;Bhuj Airport;ar;
BHJ;C;IN;http://geonames.org/1275812 ;0.00722809841273;Bhuj;Bhuj;ar;
BHO;A;IN;http://geonames.org/6301036 ;0.0109337859183;Raja Bhoj International Airport;Raja Bhoj International Airport;ar;
BHO;C;IN;http://geonames.org/1275841 ;0.0109337859183;Bhopal;Bhopal;ar;بوبال
BHX;A;GB;http://geonames.org/6296572 ;0.161196882226;Birmingham Airport;Birmingham Airport;ar;مطار برمينغهام
BHX;C;GB;http://geonames.org/2655603 ;0.161196882226;Birmingham;Birmingham;ar;برمينغهام
BIA;A;FR;http://geonames.org/6299392 ;0.0188850497861;Bastia-Poretta;Bastia-Poretta;ar;
BIA;C;FR;http://geonames.org/3034640 ;0.0188850497861;Bastia;Bastia;ar;باستيا
BIO;A;ES;http://geonames.org/6299328 ;0.0420918160811;Bilbao Airport;Bilbao Airport;ar;
BIO;C;ES;http://geonames.org/3128026 ;0.0481694887052;Bilbao;Bilbao;ar;بلباو
BIQ;A;FR;http://geonames.org/6299382 ;0.0190139377093;Biarritz – Anglet – Bayonne Airport;Biarritz - Anglet - Bayonne Airport;ar;
BIQ;C;FR;http://geonames.org/3032797 ;0.0190139377093;Biarritz;Biarritz;ar;
BJL;A;GM;http://geonames.org/2411651 ;0.00875718523645;Banjul International Airport;Banjul International Airport;ar;
BJL;C;GM;http://geonames.org/2413876 ;0.00875718523645;Banjul;Banjul;ar;بانجول
BJS;C;CN;http://geonames.org/1816670 ;0.527321782166;Beijing;Beijing;ar;بكين
BKK;A;TH;http://geonames.org/6301137 ;0.316699356874;Suvarnabhumi Airport;Suvarnabhumi Airport;ar;مطار سوفارنابومي الدولي
BKK;C;TH;http://geonames.org/1609350 ;0.376845773287;Bangkok;Bangkok;ar;بانكوك
BKO;A;ML;http://geonames.org/6297167 ;0.0216633393995;Bamako–Sénou International Airport;Bamako-Senou International Airport;ar;
BKO;C;ML;http://geonames.org/2460596 ;0.0216633393995;Bamako;Bamako;ar;باماكو
BLQ;A;IT;http://geonames.org/6290247 ;0.0665213461041;Bologna Guglielmo Marconi Airport;Bologna Guglielmo Marconi Airport;ar;
BLQ;C;IT;http://geonames.org/3181928 ;0.0665213461041;Bologna;Bologna;ar;بولونيا
BLR;A;IN;http://geonames.org/7303386 ;0.14182736395;Kempegowda International Airport;Kempegowda International Airport;ar;
BLR;C;IN;http://geonames.org/1277333 ;0.14182736395;Bengaluru;Bengaluru;ar;بنغالور
BNE;A;AU;http://geonames.org/6301292 ;0.229571225892;Brisbane Airport;Brisbane Airport;ar;
BNE;C;AU;http://geonames.org/2174003 ;0.229571225892;Brisbane;Brisbane;ar;بريزبين
BOD;A;FR;http://geonames.org/6299367 ;0.0608951743849;Bordeaux–Mérignac Airport;Bordeaux-Merignac Airport;ar;
BOD;C;FR;http://geonames.org/3031582 ;0.0640764732878;Bordeaux;Bordeaux;ar;بوردو
BOM;A;IN;http://geonames.org/6301032 ;0.286872600398;Chhatrapati Shivaji International Airport;Chhatrapati Shivaji International Airport;ar;مطار تشاتراباتي شيفاجي الدولي
BOM;C;IN;http://geonames.org/1275339 ;0.286872600398;Mumbai;Mumbai;ar;مومباي
BOS;A;US;http://geonames.org/4937646 ;0.325504183038;Logan International Airport;Logan International Airport;ar;مطار لوجان الدولي
BOS;C;US;http://geonames.org/4930956 ;0.325504183038;Boston;Boston;ar;بوسطن
BRE;A;DE;http://geonames.org/3208171 ;0.0404681256909;Bremen Airport;Bremen Airport;ar;
BRE;C;DE;http://geonames.org/2944388 ;0.0404681256909;Bremen;Bremen;ar;بريمن=مدينة بريمن
BRI;A;IT;http://geonames.org/6299535 ;0.0329648303141;Bari "Karol Wojtyła" Airport;Bari "Karol Wojtyla" Airport;ar;
BRI;C;IT;http://geonames.org/3182351 ;0.0329648303141;Bari;Bari;ar;باري
BRS;A;GB;http://geonames.org/6296587 ;0.0929630915275;Bristol Airport;Bristol Airport;ar;مطار بريستول
BRS;C;GB;http://geonames.org/2654675 ;0.12665893626;Bristol;Bristol;ar;بريستول
BRU;A;BE;http://geonames.org/6296486 ;0.238989832395;Brussels Airport;Brussels Airport;ar;مطار بروكسل الدولي
BRU;C;BE;http://geonames.org/2800866 ;0.271684411398;Brussels;Brussels;ar;بروكسل
BTH;A;ID;http://geonames.org/6301230 ;0.0626938669082;Hang Nadim Airport;Hang Nadim Airport;ar;
BTH;C;ID;http://geonames.org/6295587 ;0.0626938669082;Batam;Batam;ar;باتام
BUD;A;HU;http://geonames.org/6299519 ;0.112769376034;Budapest Ferenc Liszt International Airport;Budapest Ferenc Liszt International Airport;ar;
BUD;C;HU;http://geonames.org/3054643 ;0.112769376034;Budapest;Budapest;ar;بودابست
BUH;C;RO;http://geonames.org/683506 ;0.115228354255;Bucharest;Bucharest;ar;بوخارست
BWN;A;BN;http://geonames.org/1820821 ;0.0280605294982;Brunei Airport;Brunei Airport;ar;
BWN;C;BN;http://geonames.org/1820906 ;0.0280605294982;Bandar Seri Begawan;Bandar Seri Begawan;ar;بندر سري بكاوان
BZV;A;CG;http://geonames.org/6296955 ;0.0264876180233;Maya-Maya Airport;Maya-Maya Airport;ar;
BZV;C;CG;http://geonames.org/2260535 ;0.0264876180233;Brazzaville;Brazzaville;ar;برازافيل
CAG;A;IT;http://geonames.org/6301780 ;0.0295210951838;Cagliari Elmas Airport;Cagliari Elmas Airport;ar;
CAG;C;IT;http://geonames.org/2525473 ;0.0295210951838;Cagliari;Cagliari;ar;كالياري
CAI;A;EG;http://geonames.org/6297293 ;0.167605255078;Cairo International Airport;Cairo International Airport;ar;ميناء القاهرة الجوي
CAI;C;EG;http://geonames.org/360630 ;0.167605255078;Cairo;Cairo;ar;القاهرة
CAN;A;CN;http://geonames.org/6301359 ;0.356646719686;Guangzhou Baiyun International Airport;Guangzhou Baiyun International Airport;ar;مطار قوانغتشو باييون الدولي
CAN;C;CN;http://geonames.org/1809858 ;0.356646719686;Guangzhou;Guangzhou;ar;قوانتشو
CCJ;A;IN;http://geonames.org/7668634 ;0.020805540281;Calicut International Airport;Calicut International Airport;ar;
CCJ;C;IN;http://geonames.org/1265873 ;0.020805540281;Kozhikode;Kozhikode;ar;
CCU;A;IN;http://geonames.org/6301069 ;0.140863106315;Netaji Subhas Chandra Bose International Airport;Netaji Subhas Chandra Bose International Airport;ar;
CCU;C;IN;http://geonames.org/1275004 ;0.140863106315;Kolkata;Kolkata;ar;كلكتا
CDG;A;FR;http://geonames.org/6269554 ;0.782315181376;Paris Charles de Gaulle Airport;Paris Charles de Gaulle Airport;ar;مطار باريس شارل دو غول الدولي
CFE;A;FR;http://geonames.org/6299399 ;0.0125790145096;Clermont-Ferrand Auvergne Airport;Clermont-Ferrand Auvergne Airport;ar;
CFE;C;FR;http://geonames.org/3024635 ;0.0125790145096;Clermont-Ferrand;Clermont-Ferrand;ar;كليرمون فيران
CGK;A;ID;http://geonames.org/6301878 ;0.326008558559;Soekarno-Hatta International Airport;Soekarno-Hatta International Airport;ar;مطار_سوكارنو_هاتا_الدولي
CJB;A;IN;http://geonames.org/6301121 ;0.0204757175862;Coimbatore International Airport;Coimbatore International Airport;ar;
CJB;C;IN;http://geonames.org/1273865 ;0.0204757175862;Coimbatore;Coimbatore;ar;كويمباتور
CKY;A;GN;http://geonames.org/6297246 ;0.0158243516893;Conakry International Airport;Conakry International Airport;ar;
CKY;C;GN;http://geonames.org/2422465 ;0.0158243516893;Conakry;Conakry;ar;
CLY;A;FR;http://geonames.org/6299393 ;0.0105543822957;Calvi - Sainte-Catherine Airport;Calvi - Sainte-Catherine Airport;ar;
CLY;C;FR;http://geonames.org/3029090 ;0.0105543822957;Calvi;Calvi;ar;
CMB;A;LK;http://geonames.org/6301060 ;0.0830521687442;Bandaranayake International Air Port;Bandaranayake International Air Port;ar;
CMB;C;LK;http://geonames.org/1248991 ;0.0830521687442;Colombo;Colombo;ar;كولمبو
CMH;A;US;http://geonames.org/4521777 ;0.0506353279807;Port Columbus International Airport;Port Columbus International Airport;ar;
CMH;C;US;http://geonames.org/4509177 ;0.0506353279807;Columbus;Columbus;ar;كولومبوس، أوهايو
CMN;A;MA;http://geonames.org/6297212 ;0.178603019516;Mohammed V International Airport;Mohammed V International Airport;ar;
COK;A;IN;http://geonames.org/7626292 ;0.0518742023784;Cochin International Airport;Cochin International Airport;ar;
COK;C;IN;http://geonames.org/1273874 ;0.0518742023784;Cochin;Cochin;ar;
COO;A;BJ;http://geonames.org/6296398 ;0.0161434282902;Cotonou Airport;Cotonou Airport;ar;
COO;C;BJ;http://geonames.org/2394819 ;0.0161434282902;Cotonou;Cotonou;ar;كوتونو
CPH;A;DK;http://geonames.org/2619034 ;0.225118201285;Copenhagen Airport;Copenhagen Airport;ar;مطار كوبنهاغن
CPH;C;DK;http://geonames.org/2618425 ;0.225118201285;Copenhagen;Copenhagen;ar;كوبنهاغن
CPT;A;ZA;http://geonames.org/3368972 ;0.0904732271424;Cape Town International Airport;Cape Town International Airport;ar;
CPT;C;ZA;http://geonames.org/3369157 ;0.0904732271424;Cape Town;Cape Town;ar;كيب تاون
CTA;A;IT;http://geonames.org/6290291 ;0.0592343886511;Catania–Fontanarossa Airport;Catania-Fontanarossa Airport;ar;مطار كاتانيا-فونتاناروسا
CTA;C;IT;http://geonames.org/2525068 ;0.0592343886511;Catania;Catania;ar;كاتانيا
DAC;A;BD;http://geonames.org/6301871 ;0.067218296281;Kurmitola, Dia;Kurmitola, Dia;ar;
DAC;C;BD;http://geonames.org/1185241 ;0.067218296281;Dhaka;Dhaka;ar;دكا
DAM;A;SY;http://geonames.org/6300128 ;0.00601475276909;Damascus Int. Airport;Damascus Int. Airport;ar;
DAM;C;SY;http://geonames.org/170654 ;0.00601475276909;Damascus;Damascus;ar;دمشق
DED;CA;IN;http://geonames.org/7668603 ;0.00816104563638;Dehradun Airport;Dehradun Airport;ar;
DEL;A;IN;http://geonames.org/6301872 ;0.324453394964;Indira Gandhi International Airport;Indira Gandhi International Airport;ar;مطار انديرا غاندي الدولي
DEL;C;IN;http://geonames.org/1273294 ;0.324453394964;Delhi;Delhi;ar;دلهي
DFW;A;US;http://geonames.org/4684943 ;0.764886038338;Dallas/Fort Worth International Airport;Dallas/Fort Worth International Airport;ar;مطار دالاس فورت ورث الدولي
DFW;C;US;http://geonames.org/4684888 ;0.767769699497;Dallas;Dallas;ar;دالاس، تكساس
DIU;A;IN;http://geonames.org/7668568 ;0.00487979448617;Diu Airport;Diu Airport;ar;
DIU;C;IN;http://geonames.org/1272502 ;0.00487979448617;Diu;Diu;ar;
DKR;A;SN;http://geonames.org/2595702 ;0.0447731775808;Léopold Sédar Senghor International Airport;Leopold Sedar Senghor International Airport;ar;
DKR;C;SN;http://geonames.org/2253354 ;0.0447731775808;Dakar;Dakar;ar;داكار
DLA;A;CM;http://geonames.org/6296998 ;0.0311764016585;Douala Obs.;Douala Obs.;ar;
DLA;C;CM;http://geonames.org/2232593 ;0.0311764016585;Douala;Douala;ar;دوالا
DMM;A;SA;http://geonames.org/6300012 ;0.0899481450504;King Fahd International Airport;King Fahd International Airport;ar;مطار الملك فهد الدولي
DMM;C;SA;http://geonames.org/110336 ;0.089909974089;Dammam;Dammam;ar;الدمام
DOH;A;QA;http://geonames.org/6300133 ;0.333595249762;Hamad International Airport;Hamad International Airport;ar;مطار حمد الدولي
DOH;C;QA;http://geonames.org/290030 ;0.333595249762;Doha;Doha;ar;الدوحة=اَلدَّوْحَة
DPS;A;ID;http://geonames.org/6301281 ;0.141305817968;Ngurah-Rai Airport;Ngurah-Rai Airport;ar;
DPS;C;ID;http://geonames.org/1645528 ;0.141305817968;Denpasar;Denpasar;ar;
DTW;A;US;http://geonames.org/4990742 ;0.253687471332;Detroit Metropolitan Wayne County Airport;Detroit Metropolitan Wayne County Airport;ar;
DUB;A;IE;http://geonames.org/6296697 ;0.147204348995;Dublin Airport;Dublin Airport;ar;مطار دبلن الدولي
DUB;C;IE;http://geonames.org/2964574 ;0.147204348995;Dublin;Dublin;ar;دبلن
DUR;A;ZA;http://geonames.org/984894 ;0.0419746622698;King Shaka International Airport;King Shaka International Airport;ar;
DUR;C;ZA;http://geonames.org/1007311 ;0.0428433517749;Durban;Durban;ar;ديربان
DUS;A;DE;http://geonames.org/3206096 ;0.182395678005;Düsseldorf International Airport;Duesseldorf International Airport;ar;مطار دوسلدورف الدولي
DUS;C;DE;http://geonames.org/2934246 ;0.195407604279;Düsseldorf;Duesseldorf;ar;دوسلدورف
DWD;CA;SA;http://geonames.org/6300013 ;0.00562783510789;Dawadmi Domestic Airport;Dawadmi Domestic Airport;ar;مطار الدوادمي المحلي
DXB;A;AE;http://geonames.org/6300096 ;0.49070375038;Dubai International Airport;Dubai International Airport;ar;مطار دبي الدولي
DXB;C;AE;http://geonames.org/292223 ;0.520591428438;Dubai;Dubai;ar;دبي
EAM;CA;SA;http://geonames.org/6300023 ;0.0111307306805;Najran Airport;Najran Airport;ar;
ECN;A;CY;http://geonames.org/6299311 ;0.0255501955235;Ercan International Airport;Ercan International Airport;ar;
ECN;C;CY;http://geonames.org/8531733 ;0.0255501955235;Ercan;Ercan;ar;
EDI;A;GB;http://geonames.org/6296627 ;0.104621700771;Edinburgh Airport;Edinburgh Airport;ar;
EDI;C;GB;http://geonames.org/2650225 ;0.11058212435;Edinburgh;Edinburgh;ar;إدنبرة
EJH;CA;SA;http://geonames.org/6300032 ;0.00632002149795;Wejh;Wejh;ar;
ELQ;A;SA;http://geonames.org/391198 ;0.0311976603504;Prince Nayef bin Abdulaziz Regional Airport;Prince Nayef bin Abdulaziz Regional Airport;ar;مطار الأمير نايف بن عبد العزيز الإقليمي
ELQ;C;SA;http://geonames.org/108933 ;0.0311976603504;Al-Qassim Province;Al-Qassim Province;ar;منطقة القصيم
ELS;A;ZA;http://geonames.org/1020088 ;0.0216015706847;East London Airport;East London Airport;ar;
ELS;C;ZA;http://geonames.org/1006984 ;0.0216015706847;East London;East London;ar;
EUN;A;MA;http://geonames.org/6297211 ;0.00758482338041;Hassan I Airport;Hassan I Airport;ar;
EUN;C;EH;http://geonames.org/2462881 ;0.00758482338041;Laâyoune / El Aaiún;Laayoune / El Aaiun;ar;العيون
FCO;A;IT;http://geonames.org/6299619 ;0.284472671151;Leonardo da Vinci–Fiumicino Airport;Leonardo da Vinci-Fiumicino Airport;ar;مطار ليوناردو دا فينشي
FEZ;A;MA;http://geonames.org/6297200 ;0.00879411010575;Fes-Saïss Airport;Fes-Saiss Airport;ar;مطار فاس سايس الدولي
FEZ;C;MA;http://geonames.org/2548885 ;0.00879411010575;Fes;Fes;ar;فاس
FIH;A;CD;http://geonames.org/2312103 ;0.0519556501929;N'djili Airport;N'djili Airport;ar;
FIH;C;CD;http://geonames.org/2314302 ;0.0519556501929;Kinshasa;Kinshasa;ar;كينشاسا
FLL;A;US;http://geonames.org/4155976 ;0.198305255814;Fort Lauderdale/Hollywood International Airport;Fort Lauderdale/Hollywood International Airport;ar;
FLL;C;US;http://geonames.org/4155966 ;0.198305255814;Fort Lauderdale;Fort Lauderdale;ar;فورت لاودردال، فلوريدا
FLR;A;IT;http://geonames.org/6299629 ;0.0519112079478;Florence Peretola Airport;Florence Peretola Airport;ar;
FLR;C;IT;http://geonames.org/3176959 ;0.0519112079478;Florence;Florence;ar;فلورنسا
FNA;A;SL;http://geonames.org/2406918 ;0.0110158298004;Freetown-Lungi International Airport;Freetown-Lungi International Airport;ar;
FNA;C;SL;http://geonames.org/2409306 ;0.0110158298004;Freetown;Freetown;ar;فريتاون
FRA;A;DE;http://geonames.org/6290293 ;0.517136821971;Frankfurt Airport;Frankfurt Airport;ar;مطار فرانكفورت
FRA;C;DE;http://geonames.org/2925533 ;0.520313528107;Frankfurt am Main;Frankfurt am Main;ar;فرانكفورت
FSC;A;FR;http://geonames.org/6299394 ;0.00816132528185;Figari - Sud-Corse;Figari - Sud-Corse;ar;
FSC;C;FR;http://geonames.org/6620210 ;0.00816132528185;Figari;Figari;ar;
GIZ;A;SA;http://geonames.org/6300014 ;0.0254191558764;Jizan Regional Airport;Jizan Regional Airport;ar;مطار الملك عبد الله الإقليمي
GIZ;C;SA;http://geonames.org/105299 ;0.0254191558764;Jizan;Jizan;ar;Jāzān=Djāzān=Qīzān=Jīzān=جازان|p
GOA;A;IT;http://geonames.org/3212474 ;0.0201494235858;Genoa Cristoforo Colombo Airport;Genoa Cristoforo Colombo Airport;ar;
GOA;C;IT;http://geonames.org/3176219 ;0.0201494235858;Genoa;Genoa;ar;جنوة
GOI;A;IN;http://geonames.org/6301037 ;0.0339107610144;Goa International Airport;Goa International Airport;ar;
GOI;C;IN;http://geonames.org/1271156 ;0.0339107610144;Goa;Goa;ar;
GOT;A;SE;http://geonames.org/6296790 ;0.0564443698892;Gothenburg-Landvetter Airport;Gothenburg-Landvetter Airport;ar;
GOT;C;SE;http://geonames.org/2711537 ;0.0564443698892;Göteborg;Goeteborg;ar;غوتنبرغ
GRJ;A;ZA;http://geonames.org/1002148 ;0.0177600047015;George Airport;George Airport;ar;
GRJ;C;ZA;http://geonames.org/1002145 ;0.0177600047015;George;George;ar;
GVA;A;CH;http://geonames.org/2660644 ;0.143457691004;Aéroport Genève-Cointrin;Aeroport Geneve-Cointrin;ar;
GVA;C;CH;http://geonames.org/2660646 ;0.143457691004;Genève;Geneve;ar;جنيف
HAJ;A;DE;http://geonames.org/3206636 ;0.0598218171104;Hannover-Langenhagen Airport;Hannover-Langenhagen Airport;ar;
HAJ;C;DE;http://geonames.org/2910831 ;0.0598218171104;Hannover;Hannover;ar;هانوفر
HAM;A;DE;http://geonames.org/3208174 ;0.136233591434;Hamburg Airport;Hamburg Airport;ar;
HAM;C;DE;http://geonames.org/2911298 ;0.124772224767;Hamburg;Hamburg;ar;هامبورغ
HAN;A;VN;http://geonames.org/6301877 ;0.112072583397;Noi Bai International Airport;Noi Bai International Airport;ar;
HAN;C;VN;http://geonames.org/1581130 ;0.112072583397;Hanoi;Hanoi;ar;هانوي
HAS;A;SA;http://geonames.org/395011 ;0.0193216405036;Ha'il Regional Airport;Ha'il Regional Airport;ar;Ḩā’il Airport=مطار حائل الإقليمي
HAS;C;SA;http://geonames.org/106281 ;0.0193216405036;Ha'il;Ha'il;ar;حائل
HBE;A;EG;http://geonames.org/6297292 ;0.023880678594;Alexandria Borg El Arab Airport;Alexandria Borg El Arab Airport;ar;
HEL;A;FI;http://geonames.org/6301511 ;0.239224380177;Helsinki-Vantaa Airport;Helsinki-Vantaa Airport;ar;
HEL;C;FI;http://geonames.org/658225 ;0.239224380177;Helsinki;Helsinki;ar;هلسنكي
HKG;A;HK;http://geonames.org/6301089 ;0.344362352606;Hong Kong International Airport;Hong Kong International Airport;ar;مطار هونغ كونغ الدولي
HKG;C;HK;http://geonames.org/1819729 ;0.344362352606;Hong Kong;Hong Kong;ar;هونغ كونغ
HOF;CA;SA;http://geonames.org/6300009 ;0.00872072423075;Al Ahsa Airport;Al Ahsa Airport;ar;
HRE;A;ZW;http://geonames.org/1106437 ;0.0345444435323;Harare International Airport;Harare International Airport;ar;
HRE;C;ZW;http://geonames.org/890299 ;0.0345444435323;Harare;Harare;ar;هراري
HYD;A;IN;http://geonames.org/7729997 ;0.0953924301072;Rajiv Gandhi International Airport;Rajiv Gandhi International Airport;ar;
HYD;C;IN;http://geonames.org/1269843 ;0.0953924301072;Hyderabad;Hyderabad;ar;حیدر آباد
IAD;A;US;http://geonames.org/4792325 ;0.241100194577;Washington Dulles International Airport;Washington Dulles International Airport;ar;مطار واشنطن دالاس الدولي
IAH;A;US;http://geonames.org/4693268 ;0.301720032358;George Bush Intercontinental Airport;George Bush Intercontinental Airport;ar;مطار جورج بوش الدولي
ICN;A;KR;http://geonames.org/6300433 ;0.211399457304;Incheon International Airport;Incheon International Airport;ar;مطار إنشيون الدولي
IDR;A;IN;http://geonames.org/6301038 ;0.0186637479841;Devi Ahilyabai Holkar International Airport;Devi Ahilyabai Holkar International Airport;ar;
IDR;C;IN;http://geonames.org/1269743 ;0.0186637479841;Indore;Indore;ar;إندور
IEV;A;UA;http://geonames.org/6300960 ;0.0186715253843;Kyiv Zhuliany International Airport;Kyiv Zhuliany International Airport;ar;
IEV;C;UA;http://geonames.org/703448 ;0.101770816054;Kiev;Kiev;ar;كييف
IND;A;US;http://geonames.org/4259427 ;0.0536628020185;Indianapolis International Airport;Indianapolis International Airport;ar;مطار إنديانابوليس الدولي
IND;C;US;http://geonames.org/4259418 ;0.0536628020185;Indianapolis;Indianapolis;ar;إنديانابوليس، إنديانا
ISB;A;PK;http://geonames.org/6300119 ;0.0543789907246;Benazir Bhutto International Airport;Benazir Bhutto International Airport;ar;مطار بينظير بوتو الدولي
ISB;C;PK;http://geonames.org/1176615 ;0.0543789907246;Islamabad;Islamabad;ar;إسلام آباد
IST;A;TR;http://geonames.org/6299743 ;0.534654882148;Istanbul Atatürk Airport;Istanbul Atatuerk Airport;ar;مطار أتاتورك الدولي
IST;C;TR;http://geonames.org/745044 ;0.451301167178;İstanbul;Istanbul;ar;اسطنبول
IXB;CA;IN;http://geonames.org/6301067 ;0.0107234040948;Bagdogra Airport;Bagdogra Airport;ar;
IXC;A;IN;http://geonames.org/7668602 ;0.0125744921668;Chandigarh International Airport;Chandigarh International Airport;ar;
IXC;C;IN;http://geonames.org/1274746 ;0.0125744921668;Chandigarh;Chandigarh;ar;
IXE;A;IN;http://geonames.org/6301126 ;0.0149544662376;Mangalore Airport;Mangalore Airport;ar;
IXE;C;IN;http://geonames.org/1263780 ;0.0149544662376;Mangalore;Mangalore;ar;مانغلور
IXL;A;IN;http://geonames.org/7668606 ;0.0073806622203;Kushok Bakula Rimpochhe Airport;Kushok Bakula Rimpochhe Airport;ar;
IXL;C;IN;http://geonames.org/1264976 ;0.0073806622203;Leh;Leh;ar;لياه
IXM;A;IN;http://geonames.org/6301125 ;0.0179410648379;Madurai Airport;Madurai Airport;ar;
IXM;C;IN;http://geonames.org/1264521 ;0.0179410648379;Madurai;Madurai;ar;مادوراي
IXU;A;IN;http://geonames.org/6301031 ;0.00771836957872;Aurangabad Airport;Aurangabad Airport;ar;
IXU;C;IN;http://geonames.org/1278149 ;0.00771836957872;Aurangabad;Aurangabad;ar;
IXZ;A;IN;http://geonames.org/7910160 ;0.00780104982434;Veer Savarkar International Airport;Veer Savarkar International Airport;ar;
IXZ;C;IN;http://geonames.org/1259385 ;0.00780104982434;Port Blair;Port Blair;ar;
JAI;A;IN;http://geonames.org/6301101 ;0.0275821514041;Jaipur Airport;Jaipur Airport;ar;
JAI;C;IN;http://geonames.org/1269515 ;0.0275821514041;Jaipur;Jaipur;ar;جايبور
JDH;A;IN;http://geonames.org/6301100 ;0.00717829385762;Jodhpur Airport;Jodhpur Airport;ar;
JDH;C;IN;http://geonames.org/1268865 ;0.00717829385762;Jodhpur;Jodhpur;ar;جودبور
JED;A;SA;http://geonames.org/6300018 ;0.182700888258;Jeddah King Abdul Aziz International Airport;Jeddah King Abdul Aziz International Airport;ar;
JED;C;SA;http://geonames.org/105343 ;0.182700888258;Jeddah;Jeddah;ar;جدة
JFK;A;US;http://geonames.org/5122732 ;0.295644595254;John F. Kennedy International Airport;John F. Kennedy International Airport;ar;مطار جون إف كينيدي الدولي
JNB;A;ZA;http://geonames.org/993986 ;0.281756652719;O.R. Tambo International Airport;O.R. Tambo International Airport;ar;
JNB;C;ZA;http://geonames.org/993800 ;0.281756652719;Johannesburg;Johannesburg;ar;جوهانسبرغ
JOG;A;ID;http://geonames.org/6301225 ;0.0613680932648;Adisucipto International Airport;Adisucipto International Airport;ar;
JOG;C;ID;http://geonames.org/1621177 ;0.0613680932648;Yogyakarta;Yogyakarta;ar;يوجياكرتا
KAN;A;NG;http://geonames.org/2335202 ;0.0120633136598;Kano;Kano;ar;
KAN;C;NG;http://geonames.org/2335204 ;0.0120633136598;Kano;Kano;ar;كانو
KBP;A;UA;http://geonames.org/6300952 ;0.0965755941685;Kiev Boryspil International Airport;Kiev Boryspil International Airport;ar;
KHI;A;PK;http://geonames.org/6300111 ;0.0945295323473;Karachi Airport;Karachi Airport;ar;
KHI;C;PK;http://geonames.org/1174872 ;0.0945295323473;Karachi;Karachi;ar;كراتشي
KIM;A;ZA;http://geonames.org/1021328 ;0.0100367305955;Kimberly Airport;Kimberly Airport;ar;
KIM;C;ZA;http://geonames.org/990930 ;0.0100367305955;Kimberley;Kimberley;ar;
KMC;A;SA;http://geonames.org/391768 ;0.00473797457949;King Khalid Military City Airport;King Khalid Military City Airport;ar;
KMC;C;SA;http://geonames.org/8449855 ;0.00473797457949;King Khalid Military City;King Khalid Military City;ar;مدينة الملك خالد العسكرية
KRT;A;SD;http://geonames.org/372536 ;0.0722870454698;Khartoum International Airport;Khartoum International Airport;ar;
KRT;C;SD;http://geonames.org/379252 ;0.0722870454698;Khartoum;Khartoum;ar;خرطوم
KTM;A;NP;http://geonames.org/1282644 ;0.0864244461148;Tribhuvan International Airport;Tribhuvan International Airport;ar;
KTM;C;NP;http://geonames.org/1283240 ;0.0864244461148;Kathmandu;Kathmandu;ar;كاتماندو
KUL;A;MY;http://geonames.org/6301255 ;0.35382665018;Kuala Lumpur International Airport;Kuala Lumpur International Airport;ar;مطار كوالالمبور الدولي
KUL;C;MY;http://geonames.org/1735161 ;0.357184419859;Kuala Lumpur;Kuala Lumpur;ar;كوالالمبور
KWI;A;KW;http://geonames.org/6300091 ;0.0971983087099;Kuwait Internationalairport;Kuwait Internationalairport;ar;كُوَيْت إِنْتَرْنَتُِنَل
KWI;C;KW;http://geonames.org/285787 ;0.0971983087099;Kuwait City;Kuwait City;ar;مدينة الكويت=اَلْكُوَيْت
KZN;A;RU;http://geonames.org/6301022 ;0.0301183277428;Kazan International Airport;Kazan International Airport;ar;
KZN;C;RU;http://geonames.org/551487 ;0.0301183277428;Kazan;Kazan;ar;قازان
LAS;A;US;http://geonames.org/5507974 ;0.209089413858;McCarran International Airport;McCarran International Airport;ar;
LAS;C;US;http://geonames.org/5506956 ;0.215583762565;Las Vegas;Las Vegas;ar;لاس فيغاس، نيفادا
LAX;A;US;http://geonames.org/5368418 ;0.427256724211;Los Angeles International Airport;Los Angeles International Airport;ar;مطار لوس أنجلوس الدولي
LAX;C;US;http://geonames.org/5368361 ;0.427256724211;Los Angeles;Los Angeles;ar;لوس أنجلوس=لوس آنجلس
LBV;A;GA;http://geonames.org/6297072 ;0.0359932143286;Libreville Airport;Libreville Airport;ar;
LBV;C;GA;http://geonames.org/2399697 ;0.0359932143286;Libreville;Libreville;ar;ليبرفيل
LCA;A;CY;http://geonames.org/414646 ;0.0378089265164;Larnaca International Airport;Larnaca International Airport;ar;مطار لارنكا الدولي
LCA;C;CY;http://geonames.org/146400 ;0.0378089265164;Larnaca;Larnaca;ar;لارنكا
LCG;A;ES;http://geonames.org/6299332 ;0.0178092606434;A Coruña Airport;A Coruna Airport;ar;
LCG;C;ES;http://geonames.org/3119841 ;0.0178092606434;A Coruña;A Coruna;ar;لا كورونيا
LDE;CA;FR;http://geonames.org/6299378 ;0.00852793836369;Tarbes-Lourdes-Pyrénées Airport;Tarbes-Lourdes-Pyrenees Airport;ar;
LED;A;RU;http://geonames.org/6300971 ;0.157141346603;Pulkovo Airport;Pulkovo Airport;ar;مطار بولكوفو
LED;C;RU;http://geonames.org/498817 ;0.157141346603;Saint Petersburg;Saint Petersburg;ar;سانت بطرسبرغ
LEI;A;ES;http://geonames.org/6299325 ;0.00949764737298;Almería Airport;Almeria Airport;ar;
LEI;C;ES;http://geonames.org/2521886 ;0.0134958533752;Almería;Almeria;ar;ألمرية
LEJ;A;DE;http://geonames.org/6615410 ;0.0371647201648;Leipzig-Halle Airport;Leipzig-Halle Airport;ar;
LEJ;C;DE;http://geonames.org/2879139 ;0.0371647201648;Leipzig;Leipzig;ar;لايبزيغ
LFW;A;TG;http://geonames.org/6296482 ;0.0252362446522;Lomé–Tokoin Airport;Lome-Tokoin Airport;ar;
LFW;C;TG;http://geonames.org/2365267 ;0.0252362446522;Lomé;Lome;ar;لومي
LHE;A;PK;http://geonames.org/1331475 ;0.044179680409;Allama Iqbal International Airport;Allama Iqbal International Airport;ar;
LHE;C;PK;http://geonames.org/1172451 ;0.044179680409;Lahore;Lahore;ar;لاهور
LHR;A;GB;http://geonames.org/2647216 ;0.808784971382;London Heathrow Airport;London Heathrow Airport;ar;مطار لندن هيثرو
LIG;A;FR;http://geonames.org/6299374 ;0.00910739640627;Limoges-Bellegarde;Limoges-Bellegarde;ar;
LIG;C;FR;http://geonames.org/2998286 ;0.00910739640627;Limoges;Limoges;ar;ليموج
LIS;A;PT;http://geonames.org/6301792 ;0.165949366573;Lisboa / Portela;Lisboa / Portela;ar;
LIS;C;PT;http://geonames.org/2267057 ;0.165949366573;Lisbon;Lisbon;ar;لشبونة
LJU;A;SI;http://geonames.org/3215733 ;0.0550219038426;Ljubljana Jože Pučnik Airport;Ljubljana Joze Pucnik Airport;ar;
LJU;C;SI;http://geonames.org/3196359 ;0.0550219038426;Ljubljana;Ljubljana;ar;ليوبليانا
LKO;A;IN;http://geonames.org/6301873 ;0.0360016248914;Chaudhary Charan Singh Airport;Chaudhary Charan Singh Airport;ar;
LKO;C;IN;http://geonames.org/1264733 ;0.0360016248914;Lucknow;Lucknow;ar;لكناو
LOP;A;ID;http://geonames.org/8051259 ;0.043184123938;Lombok International Airport;Lombok International Airport;ar;
LOP;C;ID;http://geonames.org/1630662 ;0.043184123938;Praya;Praya;ar;
LOP;C;ID;http://geonames.org/8659091 ;0.043184123938;Lombok;Lombok;ar;
LOS;A;NG;http://geonames.org/2332458 ;0.110935490577;Murtala Mohammed International Airport;Murtala Mohammed International Airport;ar;
LOS;C;NG;http://geonames.org/2332459 ;0.110935490577;Lagos;Lagos;ar;لاغوس
LRT;A;FR;http://geonames.org/6301773 ;0.00979116049313;Lorient - Lann-Bihoué;Lorient - Lann-Bihoue;ar;
LRT;C;FR;http://geonames.org/2997577 ;0.00979116049313;Lorient;Lorient;ar;
LVI;A;ZM;http://geonames.org/910109 ;0.0169908890928;Livingstone Airport;Livingstone Airport;ar;
LVI;C;ZM;http://geonames.org/910111 ;0.0169908890928;Livingstone;Livingstone;ar;
LYS;A;FR;http://geonames.org/6299401 ;0.111881393458;Lyon–Saint Exupéry Airport;Lyon-Saint Exupery Airport;ar;
LYS;C;FR;http://geonames.org/2996944 ;0.13163835891;Lyon;Lyon;ar;ليون
MAA;A;IN;http://geonames.org/6301127 ;0.112453955629;Chennai International Airport;Chennai International Airport;ar;
MAA;C;IN;http://geonames.org/1264527 ;0.112453955629;Chennai;Chennai;ar;تشيناي
MAD;A;ES;http://geonames.org/6299345 ;0.387592658956;Adolfo Suárez Madrid–Barajas Airport;Adolfo Suarez Madrid-Barajas Airport;ar;مطار مدريد باراخاس الدولي
MAD;C;ES;http://geonames.org/3117735 ;0.572144701857;Madrid;Madrid;ar;مدريد
MAN;A;GB;http://geonames.org/6296575 ;0.151263118018;Manchester Airport;Manchester Airport;ar;مطار مانشستر
MAN;C;GB;http://geonames.org/2643123 ;0.151263118018;Manchester;Manchester;ar;مانشستر
MCT;A;OM;http://geonames.org/286348 ;0.123403965956;Muscat International Airport;Muscat International Airport;ar;مطار مسقط الدولي|p
MCT;C;OM;http://geonames.org/287286 ;0.123403965956;Muscat;Muscat;ar;مسقط
MED;A;SA;http://geonames.org/6300021 ;0.0814361040683;Prince Mohammad bin Abdulaziz Airport;Prince Mohammad bin Abdulaziz Airport;ar;مطار الأمير محمد بن عبد العزيز الدولي
MED;C;SA;http://geonames.org/109223 ;0.0814361040683;Medina;Medina;ar;المدينة=المدينة المنورة
MEL;A;AU;http://geonames.org/6290242 ;0.198748803712;Melbourne Airport;Melbourne Airport;ar;مطار ملبورن الدولي
MEL;C;AU;http://geonames.org/2158177 ;0.174261020653;Melbourne;Melbourne;ar;ملبورن
MES;A;ID;http://geonames.org/6301237 ;;Medan Polonia International Airport;Medan Polonia International Airport;ar;
MES;C;ID;http://geonames.org/1214520 ;0.0775254505329;Medan;Medan;ar;ميدان
MEX;A;MX;http://geonames.org/6299859 ;0.267668513427;Benito Juárez International Airport;Benito Juarez International Airport;ar;مطار مكسيكو الدولي
MEX;C;MX;http://geonames.org/3530597 ;0.264293722129;Mexico City;Mexico City;ar;مدينة مكسيكو
MHD;A;IR;http://geonames.org/6300065 ;0.060141742646;Mashhad International Airport;Mashhad International Airport;ar;
MHD;C;IR;http://geonames.org/124665 ;0.060141742646;Mashhad;Mashhad;ar;مشهد
MIA;A;US;http://geonames.org/4164181 ;0.379591051184;Miami International Airport;Miami International Airport;ar;مطار ميامي الدولي
MIA;C;US;http://geonames.org/4164138 ;0.382606622755;Miami;Miami;ar;ميامي، فلوريدا
MIL;C;IT;http://geonames.org/3173435 ;0.205262963142;Milano;Milano;ar;ميلانو
MKE;A;US;http://geonames.org/5254139 ;0.0672010918083;General Mitchell International Airport;General Mitchell International Airport;ar;
MKE;C;US;http://geonames.org/5263045 ;0.0672010918083;Milwaukee;Milwaukee;ar;ميلواكي، ويسكنسن
MLE;A;MV;http://geonames.org/6301875 ;0.0814240817028;Malé International Airport;Male International Airport;ar;
MLE;C;MV;http://geonames.org/1282027 ;0.0814240817028;Male;Male;ar;
MLG;A;ID;http://geonames.org/6760932 ;0.0129974815366;Abdul Rachman Saleh Airport;Abdul Rachman Saleh Airport;ar;
MLG;C;ID;http://geonames.org/1636722 ;0.0129974815366;Malang;Malang;ar;مالانغ
MLH;A;FR;http://geonames.org/6299466 ;0.0135073294928;EuroAirport Basel–Mulhouse–Freiburg;EuroAirport Basel-Mulhouse-Freiburg;ar;
MLW;A;LR;http://geonames.org/2570351 ;;Spriggs Payne;Spriggs Payne;ar;
MLW;C;LR;http://geonames.org/2274895 ;0.0094470576969;Monrovia;Monrovia;ar;مونروفيا
MNL;A;PH;http://geonames.org/1701661 ;0.258204272681;Ninoy Aquino Manila International Airport;Ninoy Aquino Manila International Airport;ar;مطار نينوي أكوينو الدولي
MNL;C;PH;http://geonames.org/1701668 ;0.258204272681;Manila;Manila;ar;مانيلا
MOW;C;RU;http://geonames.org/524901 ;0.360379571472;Moscow;Moscow;ar;موسكو
MPL;A;FR;http://geonames.org/6299421 ;0.0243983487697;Montpellier–Méditerranée Airport;Montpellier-Mediterranee Airport;ar;
MPL;C;FR;http://geonames.org/2992166 ;0.0277297940499;Montpellier;Montpellier;ar;مونبلييه
MRS;A;FR;http://geonames.org/6299417 ;0.105836927973;Marseille Provence Airport;Marseille Provence Airport;ar;
MRS;C;FR;http://geonames.org/2995469 ;0.112701148474;Marseille;Marseille;ar;مارسيليا
MRU;A;MU;http://geonames.org/1106588 ;0.0397002390897;Sir Seewoosagur Ramgoolam International Airport;Sir Seewoosagur Ramgoolam International Airport;ar;
MRU;C;MU;http://geonames.org/934292 ;0.0397002390897;Republic of Mauritius;Republic of Mauritius;ar;موريشوس=موريشيوس
MSP;A;US;http://geonames.org/5037658 ;0.244394694787;Minneapolis-St Paul International/Wold-Chamberlain Airport;Minneapolis-St Paul International/Wold-Chamberlain Airport;ar;مطار مينابوليس-سنت بول الدولي
MSP;C;US;http://geonames.org/5037649 ;0.244394694787;Minneapolis;Minneapolis;ar;مينيابولس، مينيسوتا
MUC;A;DE;http://geonames.org/3208399 ;0.375111404266;Munich International Airport;Munich International Airport;ar;مطار ميونخ الدولي
MUC;C;DE;http://geonames.org/2867714 ;0.360050514886;Munich;Munich;ar;ميونخ
NAP;A;IT;http://geonames.org/6299627 ;0.0490468708393;Naples International Airport;Naples International Airport;ar;
NAP;C;IT;http://geonames.org/3172394 ;0.0490468708393;Napoli;Napoli;ar;نابولي
NBO;A;KE;http://geonames.org/6297307 ;0.170619286043;Jomo Kenyatta International Airport;Jomo Kenyatta International Airport;ar;
NBO;C;KE;http://geonames.org/184745 ;0.186178768575;Nairobi;Nairobi;ar;نيروبي
NCE;A;FR;http://geonames.org/6299418 ;0.140658286078;Nice Côte d'Azur International Airport;Nice Cote d'Azur International Airport;ar;مطار نيس الريفيرا الفرنسي
NCE;C;FR;http://geonames.org/2990440 ;0.140658286078;Nice;Nice;ar;نيس
NCL;A;GB;http://geonames.org/6296611 ;0.0566866048285;Newcastle International Airport;Newcastle International Airport;ar;
NCL;C;GB;http://geonames.org/2641673 ;0.0566866048285;Newcastle upon Tyne;Newcastle upon Tyne;ar;نيوكاسل أبون تاين
NCY;A;FR;http://geonames.org/6694618 ;;Annecy-Meythet;Annecy-Meythet;ar;
NCY;C;FR;http://geonames.org/3037543 ;;Annecy;Annecy;ar;آنسي
NDR;A;MA;http://geonames.org/6297214 ;0.00891538797287;Nador International Airport;Nador International Airport;ar;
NDR;C;MA;http://geonames.org/2541479 ;0.00891538797287;Nador;Nador;ar;الناظور
NIM;A;NE;http://geonames.org/6296456 ;0.0226810056449;Diori Hamani International Airport;Diori Hamani International Airport;ar;
NIM;C;NE;http://geonames.org/2440485 ;0.0226810056449;Niamey;Niamey;ar;نيامي
NKC;A;MR;http://geonames.org/6297240 ;0.0193583724926;Nouakchott Airport;Nouakchott Airport;ar;
NKC;C;MR;http://geonames.org/2377450 ;0.0193583724926;Nouakchott;Nouakchott;ar;نواكشوط
NLP;A;ZA;http://geonames.org/6296913 ;;Nelspruit Airport;Nelspruit Airport;ar;
NLP;C;ZA;http://geonames.org/971534 ;0.0444661201205;Nelspruit;Nelspruit;ar;نيلسبرويت
NTE;A;FR;http://geonames.org/6299461 ;0.0474323131989;Nantes Atlantique Airport;Nantes Atlantique Airport;ar;
NTE;C;FR;http://geonames.org/2990969 ;0.0614678081853;Nantes;Nantes;ar;نانت
NUE;A;DE;http://geonames.org/6296511 ;0.0527907803168;Nuremberg Airport;Nuremberg Airport;ar;
NUE;C;DE;http://geonames.org/2861650 ;0.0562066666484;Nürnberg;Nuernberg;ar;نورنبيرغ
ORD;A;US;http://geonames.org/4887479 ;0.499920348728;Chicago O'Hare International Airport;Chicago O'Hare International Airport;ar;مطار أوهير الدولي
ORL;A;US;http://geonames.org/4154713 ;;Executive Airport;Executive Airport;ar;
ORL;C;US;http://geonames.org/4167147 ;0.219840517327;Orlando;Orlando;ar;أورلاندو، فلوريدا
OSL;A;NO;http://geonames.org/3156088 ;0.227942341652;Oslo Airport, Gardermoen;Oslo Airport, Gardermoen;ar;
OSL;C;NO;http://geonames.org/3143244 ;0.231121079069;Oslo;Oslo;ar;أوسلو
OUA;A;BF;http://geonames.org/6296409 ;0.0205688089708;Ouagadougou Airport;Ouagadougou Airport;ar;
OUA;C;BF;http://geonames.org/2357048 ;0.0205688089708;Ouagadougou;Ouagadougou;ar;واغادوغو
OUD;A;MA;http://geonames.org/6297205 ;0.0108035722515;Angads Airport;Angads Airport;ar;
OUD;C;MA;http://geonames.org/2540483 ;0.0108035722515;Oujda;Oujda;ar;وجدة
OVD;A;ES;http://geonames.org/6299326 ;0.0155972704382;Asturias Airport;Asturias Airport;ar;
OVD;C;ES;http://geonames.org/3114711 ;0.0332123252463;Oviedo;Oviedo;ar;أوفييدو
OZZ;CA;MA;http://geonames.org/6297217 ;0.00864862980312;Ouarzazate Airport;Ouarzazate Airport;ar;
PBD;A;IN;http://geonames.org/7668578 ;0.00892296770283;Porbandar Airport;Porbandar Airport;ar;
PBD;C;IN;http://geonames.org/1259395 ;0.00892296770283;Porbandar;Porbandar;ar;
PDG;A;ID;http://geonames.org/8520857 ;0.0412763662684;Minangkabau International Airport;Minangkabau International Airport;ar;
PDG;C;ID;http://geonames.org/1633419 ;0.0412763662684;Padang;Padang;ar;بادانغ
PER;A;AU;http://geonames.org/2079187 ;0.181207133205;Perth Airport;Perth Airport;ar;
PER;C;AU;http://geonames.org/2063523 ;0.181207133205;Perth;Perth;ar;بيرث
PEW;A;PK;http://geonames.org/6300117 ;0.0153896365998;Bacha Khan International Airport;Bacha Khan International Airport;ar;
PEW;C;PK;http://geonames.org/1168197 ;0.0153896365998;Peshawar;Peshawar;ar;بشاور
PGF;A;FR;http://geonames.org/6299420 ;0.00597286085303;Perpignan–Rivesaltes Airport;Perpignan-Rivesaltes Airport;ar;
PGF;C;FR;http://geonames.org/2987914 ;0.00597286085303;Perpignan;Perpignan;ar;بيربينيا
PGK;A;ID;http://geonames.org/6301232 ;0.015035959183;Depati Amir Airport;Depati Amir Airport;ar;
PGK;C;ID;http://geonames.org/1632654 ;0.015035959183;Pangkalpinang;Pangkalpinang;ar;
PHL;A;US;http://geonames.org/4560342 ;0.29760925893;Philadelphia International Airport;Philadelphia International Airport;ar;مطار فيلادلفيا الدولي
PHL;C;US;http://geonames.org/4560349 ;0.319539886364;Philadelphia;Philadelphia;ar;فيلادلفيا، بنسيلفانيا
PIT;A;US;http://geonames.org/5191803 ;0.0888012970882;Pittsburgh International Airport;Pittsburgh International Airport;ar;
PIT;C;US;http://geonames.org/5206379 ;0.0888012970882;Pittsburgh;Pittsburgh;ar;بيتسبرغ، بنسيلفانيا
PKU;A;ID;http://geonames.org/6301221 ;0.0394198180112;Sultan Syarif Kasim II International Airport;Sultan Syarif Kasim II International Airport;ar;
PKU;C;ID;http://geonames.org/1631761 ;0.0394198180112;Pekanbaru;Pekanbaru;ar;
PLM;A;ID;http://geonames.org/6301247 ;0.0472088795287;Sultan Mahmud Badaruddin II Airport;Sultan Mahmud Badaruddin II Airport;ar;
PLM;C;ID;http://geonames.org/1633070 ;0.0472088795287;Palembang;Palembang;ar;باليمبانج
PLZ;A;ZA;http://geonames.org/996962 ;0.0160236393193;Port Elizabeth Airport;Port Elizabeth Airport;ar;
PLZ;C;ZA;http://geonames.org/964420 ;0.0160236393193;Port Elizabeth;Port Elizabeth;ar;بورت إليزابيث
PMI;A;ES;http://geonames.org/6299349 ;0.109351906519;Palma de Mallorca Airport;Palma de Mallorca Airport;ar;
PMI;C;ES;http://geonames.org/2512989 ;0.109351906519;Palma;Palma;ar;ميورقة
PMO;A;IT;http://geonames.org/6299556 ;0.0459557630617;Falcone-Borsellino Airport;Falcone-Borsellino Airport;ar;
PMO;C;IT;http://geonames.org/2523920 ;0.0459557630617;Palermo;Palermo;ar;باليرمو
PNA;A;ES;http://geonames.org/6299350 ;0.00975148634329;Pamplona Airport;Pamplona Airport;ar;
PNA;C;ES;http://geonames.org/3114472 ;0.0266924218931;Pamplona;Pamplona;ar;بنبلونة
PNQ;A;IN;http://geonames.org/6452628 ;0.0364375851361;Pune Airport;Pune Airport;ar;
PNQ;C;IN;http://geonames.org/1259229 ;0.0364375851361;Pune;Pune;ar;بونه
PNR;A;CG;http://geonames.org/6296967 ;0.0150874949172;Pointe Noire Airport;Pointe Noire Airport;ar;
PNR;C;CG;http://geonames.org/2255414 ;0.0150874949172;Pointe-Noire;Pointe-Noire;ar;
PRG;A;CZ;http://geonames.org/6299654 ;0.143790913497;Prague Václav Havel Airport;Prague Vaclav Havel Airport;ar;
PRG;C;CZ;http://geonames.org/3067696 ;0.143790913497;Prague;Prague;ar;براغ
PSA;A;IT;http://geonames.org/6299628 ;0.0250355762565;Pisa / S. Giusto;Pisa / S. Giusto;ar;
PSA;C;IT;http://geonames.org/3170647 ;0.0250355762565;Pisa;Pisa;ar;بيزا
PUF;A;FR;http://geonames.org/6299377 ;0.0151942548505;Pau Pyrénées Airport;Pau Pyrenees Airport;ar;
PUF;C;FR;http://geonames.org/2988358 ;0.0151942548505;Pau;Pau;ar;
QYG;O;DE;http://geonames.org/8629440 ;0.526204405628;Generic Railway Station for Germany;Generic Railway Station for Germany;ar;
RAE;CA;SA;http://geonames.org/6300025 ;0.0107062945699;Arar;Arar;ar;
RAH;CA;SA;http://geonames.org/393877 ;0.00838822636169;Rafha Domestic Airport;Rafha Domestic Airport;ar;
RAK;A;MA;http://geonames.org/6297215 ;0.0301248743237;Marrakesh Menara Airport;Marrakesh Menara Airport;ar;مطار مراكش المنارة
RAK;C;MA;http://geonames.org/2542997 ;0.0301248743237;Marrakesh;Marrakesh;ar;مراكش
RBA;A;MA;http://geonames.org/2538476 ;0.0121022697571;Rabat-Salé Airport;Rabat-Sale Airport;ar;
RBA;C;MA;http://geonames.org/2538475 ;0.0121022697571;Rabat;Rabat;ar;رباط=الرباط
RDU;A;US;http://geonames.org/4487056 ;0.0843203220195;Raleigh-Durham International Airport;Raleigh-Durham International Airport;ar;
RDU;C;US;http://geonames.org/4464368 ;0.0843203220195;Durham;Durham;ar;دورهام
RDU;C;US;http://geonames.org/4487042 ;0.0843203220195;Raleigh;Raleigh;ar;رالي
RDZ;A;FR;http://geonames.org/6299385 ;;Rodez-Marcillac Airport;Rodez-Marcillac Airport;ar;
RDZ;C;FR;http://geonames.org/2983154 ;;Rodez;Rodez;ar;
REG;A;IT;http://geonames.org/6299561 ;0.0110170953553;Reggio Calabria Airport;Reggio Calabria Airport;ar;
REG;C;IT;http://geonames.org/2523630 ;0.0110170953553;Reggio Calabria;Reggio Calabria;ar;ريدجو كالابريا
RIC;A;US;http://geonames.org/6298981 ;0.0490275617784;Richmond International Airport;Richmond International Airport;ar;
RIC;C;US;http://geonames.org/4781708 ;0.0490275617784;Richmond;Richmond;ar;ريتشموند
RJA;CA;IN;http://geonames.org/7668635 ;0.0119906620752;Rajahmundry Airport;Rajahmundry Airport;ar;
RNS;A;FR;http://geonames.org/6301774 ;0.0177504274258;Rennes - Saint-Jacques;Rennes - Saint-Jacques;ar;
RNS;C;FR;http://geonames.org/2983990 ;0.027650438571;Rennes;Rennes;ar;رين
ROV;A;RU;http://geonames.org/6300994 ;0.0219362383882;Rostov-on-Don Airport;Rostov-on-Don Airport;ar;
ROV;C;RU;http://geonames.org/501175 ;0.0219362383882;Rostov-na-Donu;Rostov-na-Donu;ar;روستوف-نا-دونو
RPR;A;IN;http://geonames.org/7668580 ;0.0194849220497;Swami Vivekananda Airport;Swami Vivekananda Airport;ar;
RPR;C;IN;http://geonames.org/1258980 ;0.0194849220497;Raipur;Raipur;ar;
RUH;A;SA;http://geonames.org/400675 ;0.175633088164;King Khalid International;King Khalid International;ar;
RUH;C;SA;http://geonames.org/108410 ;0.161844544198;Riyadh;Riyadh;ar;الرياض
SAH;A;YE;http://geonames.org/6300142 ;0.0262109307188;Sana'a International Airport;Sana'a International Airport;ar;مطار صنعاء الدولي
SAH;C;YE;http://geonames.org/71137 ;0.0262109307188;Sanaa;Sanaa;ar;صنعاء
SCQ;A;ES;http://geonames.org/6299356 ;0.0157639587375;Santiago de Compostela Airport;Santiago de Compostela Airport;ar;
SCQ;C;ES;http://geonames.org/3109642 ;0.0157639587375;Santiago de Compostela;Santiago de Compostela;ar;
SDF;A;US;http://geonames.org/6301715 ;0.043305191096;Standiford Field;Standiford Field;ar;
SDF;C;US;http://geonames.org/4299276 ;0.043305191096;Louisville;Louisville;ar;لويفيل، كنتاكي
SEA;A;US;http://geonames.org/5809876 ;0.406183921393;Seattle-Tacoma International Airport;Seattle-Tacoma International Airport;ar;مطار سياتل تاكوما الدولي
SEA;C;US;http://geonames.org/5809844 ;0.435834631572;Seattle;Seattle;ar;سياتل، واشنطن
SFO;A;US;http://geonames.org/5391989 ;0.333407687623;San Francisco International Airport;San Francisco International Airport;ar;مطار سان فرانسيسكو الدولي
SFO;C;US;http://geonames.org/5391959 ;0.333407687623;San Francisco;San Francisco;ar;سان فرانسيسكو
SHA;A;CN;http://geonames.org/6301388 ;0.229203659425;Shanghai Hongqiao International Airport;Shanghai Hongqiao International Airport;ar;
SHA;C;CN;http://geonames.org/1796236 ;0.304858435638;Shanghai;Shanghai;ar;شانغهاي
SHJ;A;AE;http://geonames.org/6300099 ;0.139344361008;Sharjah International Airport;Sharjah International Airport;ar;مطار الشارقة الدولي
SHJ;C;AE;http://geonames.org/292672 ;0.139344361008;Sharjah;Sharjah;ar;إمارة الشارقة=الشارقة
SHW;A;SA;http://geonames.org/6300027 ;0.00850098754347;Sharurah Domestic Airport;Sharurah Domestic Airport;ar;مطار شرورة المحلي
SHW;C;SA;http://geonames.org/8019123 ;0.00850098754347;Sharurah;Sharurah;ar;شرورة
SIN;A;SG;http://geonames.org/1880725 ;0.222045018532;Singapore Changi Airport;Singapore Changi Airport;ar;مطار شانغي سنغافورة
SIN;C;SG;http://geonames.org/1880252 ;0.222045018532;Singapore;Singapore;ar;سنغافورة
SJJ;A;BA;http://geonames.org/6299696 ;0.0175294257947;Sarajevo Airport;Sarajevo Airport;ar;
SJJ;C;BA;http://geonames.org/3191281 ;0.0175294257947;Sarajevo;Sarajevo;ar;سراييفو
SLC;A;US;http://geonames.org/5780999 ;0.196182638073;Salt Lake City International Airport;Salt Lake City International Airport;ar;مطار سولت لايك سيتي الدولي
SLC;C;US;http://geonames.org/5780993 ;0.196182638073;Salt Lake City;Salt Lake City;ar;سولت ليك سيتي
SLL;A;OM;http://geonames.org/6300104 ;0.0188480251392;Salalah Airport;Salalah Airport;ar;مطار صلالة
SLL;C;OM;http://geonames.org/286621 ;0.0188480251392;Şalālah;Salalah;ar;صلالة
SOC;A;ID;http://geonames.org/6301286 ;0.0273452137476;Adi Sumarmo International Airport;Adi Sumarmo International Airport;ar;
SOC;C;ID;http://geonames.org/1625812 ;0.0273452137476;Surakarta;Surakarta;ar;سوراكارتا
SOF;A;BG;http://geonames.org/6299309 ;0.0532189206398;Sofia Airport;Sofia Airport;ar;
SOF;C;BG;http://geonames.org/727011 ;0.0532189206398;Sofia;Sofia;ar;صوفيا
SOU;A;GB;http://geonames.org/6296592 ;0.0645959621402;Southampton / Weather Centre;Southampton / Weather Centre;ar;
SOU;C;GB;http://geonames.org/2637487 ;0.0645959621402;Southampton;Southampton;ar;ساوثهامبتون
SRG;A;ID;http://geonames.org/6301228 ;0.041798850299;Achmad Yani International Airport;Achmad Yani International Airport;ar;
SRG;C;ID;http://geonames.org/1627896 ;0.041798850299;Semarang;Semarang;ar;سيمارانج
SSG;A;GQ;http://geonames.org/6296982 ;0.0341911229862;Malabo International Airport;Malabo International Airport;ar;
SSG;C;GQ;http://geonames.org/2309527 ;0.0341911229862;Malabo;Malabo;ar;مالابو
SSH;A;EG;http://geonames.org/6297298 ;0.0197744842483;Sharm el-Sheikh International Airport;Sharm el-Sheikh International Airport;ar;مطار شرم الشيخ الدولي
SSH;C;EG;http://geonames.org/349340 ;0.0197744842483;Sharm el-Sheikh;Sharm el-Sheikh;ar;Awfīr|h=شرم الشيخ|p
STO;C;SE;http://geonames.org/2673730 ;0.231689723652;Stockholm;Stockholm;ar;ستوكهولم
STR;A;DE;http://geonames.org/3206322 ;0.103392820188;Stuttgart Airport;Stuttgart Airport;ar;
STR;C;DE;http://geonames.org/2825297 ;0.105255749207;Stuttgart;Stuttgart;ar;شتوتغارت
SUB;A;ID;http://geonames.org/6301284 ;0.148091602083;Juanda International Airport;Juanda International Airport;ar;
SUB;C;ID;http://geonames.org/1625822 ;0.148091602083;Surabaya;Surabaya;ar;سورابايا
SUF;A;IT;http://geonames.org/6299550 ;0.0171693747468;Lamezia Terme International Airport;Lamezia Terme International Airport;ar;
SUF;C;IT;http://geonames.org/6534232 ;0.0171693747468;Lamezia Terme;Lamezia Terme;ar;
SVO;A;RU;http://geonames.org/494811 ;0.505412044143;Sheremetyevo International Airport;Sheremetyevo International Airport;ar;مطار شيريميتييفو الدولي
SVQ;A;ES;http://geonames.org/6299363 ;0.0270775938133;Seville San Pablo Airport;Seville San Pablo Airport;ar;
SVQ;C;ES;http://geonames.org/2510911 ;0.055741373095;Sevilla;Sevilla;ar;إشبيلية
SXB;A;FR;http://geonames.org/6299475 ;0.0152187154551;Strasbourg International Airport;Strasbourg International Airport;ar;
SXB;C;FR;http://geonames.org/2973783 ;0.0346834172615;Strasbourg;Strasbourg;ar;ستراسبورغ
SYD;A;AU;http://geonames.org/2208268 ;0.333817092739;Sydney International Airport;Sydney International Airport;ar;مطار سيدني
SYD;C;AU;http://geonames.org/2147714 ;0.333817092739;Sydney;Sydney;ar;سيدني
TAO;A;CN;http://geonames.org/6301387 ;0.0756591119013;Qingdao Liuting International Airport;Qingdao Liuting International Airport;ar;
TAO;C;CN;http://geonames.org/1797929 ;0.0756591119013;Qingdao;Qingdao;ar;تشينغداو
TBS;A;GE;http://geonames.org/6452621 ;0.0323943184376;Tbilisi International Airport;Tbilisi International Airport;ar;
TBS;C;GE;http://geonames.org/611717 ;0.0323943184376;Tbilisi;Tbilisi;ar;تبليسي
TFN;A;ES;http://geonames.org/6297191 ;0.0317973817495;Tenerife North Airport;Tenerife North Airport;ar;
THR;A;IR;http://geonames.org/404615 ;0.0658896101836;Mehrabad International Airport;Mehrabad International Airport;ar;مطار مهرآباد الدولي
THR;C;IR;http://geonames.org/112931 ;0.110351038502;Tehran;Tehran;ar;طهران
TIA;A;AL;http://geonames.org/3183874 ;0.0295486531312;Tirana International Airport Nënë Tereza;Tirana International Airport Nene Tereza;ar;
TIA;C;AL;http://geonames.org/3183875 ;0.0295486531312;Tirana;Tirana;ar;تيرانا
TIF;A;SA;http://geonames.org/6300029 ;0.0270709035521;Taif Regional Airport;Taif Regional Airport;ar;مطار الطائف الإقليمي
TIF;C;SA;http://geonames.org/107968 ;0.0270709035521;Ta’if;Ta'if;ar;الطائف=Aţ Ţā’if
TIP;A;LY;http://geonames.org/6297332 ;0.0134192286515;Tripoli Inter-National Airport;Tripoli Inter-National Airport;ar;
TIP;C;LY;http://geonames.org/2210247 ;0.0134731918868;Tripoli;Tripoli;ar;طَرَابُلُس=طرابلس
TLN;A;FR;http://geonames.org/6299477 ;0.00814504264642;Toulon-Hyères Airport;Toulon-Hyeres Airport;ar;
TLN;C;FR;http://geonames.org/2972328 ;0.0128403925162;Toulon;Toulon;ar;تولون
TLS;A;FR;http://geonames.org/6301770 ;0.101704388587;Toulouse-Blagnac Airport;Toulouse-Blagnac Airport;ar;
TLS;C;FR;http://geonames.org/2972315 ;0.101704388587;Toulouse;Toulouse;ar;تولوز
TNG;A;MA;http://geonames.org/6297220 ;0.0132672117119;Tangier Ibn Battouta Airport;Tangier Ibn Battouta Airport;ar;مطار طنجة ابن بطوطة
TNG;C;MA;http://geonames.org/2530335 ;0.0132672117119;Tangier;Tangier;ar;طنجة
TRN;A;IT;http://geonames.org/6299576 ;0.0326537019028;Turin Caselle Airport;Turin Caselle Airport;ar;
TRN;C;IT;http://geonames.org/3165524 ;0.0326537019028;Turin;Turin;ar;تورينو
TRS;A;IT;http://geonames.org/3220056 ;0.0165296609336;Trieste – Friuli Venezia Giulia Airport;Trieste - Friuli Venezia Giulia Airport;ar;
TRS;C;IT;http://geonames.org/3165185 ;0.0165296609336;Trieste;Trieste;ar;ترييستي
TRV;A;IN;http://geonames.org/6301129 ;0.0333559734655;Trivandrum International Airport;Trivandrum International Airport;ar;
TRV;C;IN;http://geonames.org/1254163 ;0.0333559734655;Thiruvananthapuram;Thiruvananthapuram;ar;ثيروفانانثابورام
TRZ;A;IN;http://geonames.org/6301128 ;0.020755581335;Tiruchirappalli International Airport;Tiruchirappalli International Airport;ar;
TRZ;C;IN;http://geonames.org/1254388 ;0.020755581335;Tiruchirappalli;Tiruchirappalli;ar;
TUI;CA;SA;http://geonames.org/392431 ;0.00736831958838;Turaif Airport;Turaif Airport;ar;
TUN;A;TN;http://geonames.org/6296465 ;0.0675708614837;Tunis-Carthage Airport;Tunis-Carthage Airport;ar;
TUN;C;TN;http://geonames.org/2464470 ;0.0675708614837;Tunis;Tunis;ar;تونس
TUU;A;SA;http://geonames.org/6300028 ;0.0246468067097;Tabuk Regional Airport;Tabuk Regional Airport;ar;تبوك=مطار الأمير سلطان بن عبد العزيز الإقليمي
TUU;C;SA;http://geonames.org/101628 ;0.0246468067097;Tabuk;Tabuk;ar;تبوك
TYO;C;JP;http://geonames.org/1850147 ;0.434769411123;Tokyo;Tokyo;ar;طوكيو
UDR;CA;IN;http://geonames.org/6301104 ;0.0109557432272;Udaipur Dabok;Udaipur Dabok;ar;
UIP;A;FR;http://geonames.org/6299460 ;0.00907288605038;Quimper-Pluguffan;Quimper-Pluguffan;ar;
UIP;C;FR;http://geonames.org/2984701 ;0.00907288605038;Quimper;Quimper;ar;كامبار
ULH;CA;SA;http://geonames.org/8298674 ;0.00562242740172;Prince Abdul Majeed bin Abdul Aziz Domestic Airport;Prince Abdul Majeed bin Abdul Aziz Domestic Airport;ar;
URY;CA;SA;http://geonames.org/392993 ;0.00914733623459;Gurayat Airport;Gurayat Airport;ar;
VCE;A;IT;http://geonames.org/3219415 ;0.101371471628;Venice Marco Polo Airport;Venice Marco Polo Airport;ar;
VCE;C;IT;http://geonames.org/3164603 ;0.103448205724;Venice;Venice;ar;البندقية
VFA;A;ZW;http://geonames.org/6297107 ;0.0155445281298;Victoria Falls Airport;Victoria Falls Airport;ar;
VFA;C;ZW;http://geonames.org/879431 ;0.0155445281298;Victoria Falls;Victoria Falls;ar;
VGO;A;ES;http://geonames.org/6299360 ;0.0121231490286;Vigo-Peinador Airport;Vigo-Peinador Airport;ar;
VGO;C;ES;http://geonames.org/3105976 ;0.0121231490286;Vigo;Vigo;ar;فيغو
VIE;A;AT;http://geonames.org/2761335 ;0.265870148929;Vienna International Airport;Vienna International Airport;ar;مطار فيينا الدولي
VIE;C;AT;http://geonames.org/2761369 ;0.340854723832;Vienna;Vienna;ar;فيينا
VIL;A;MA;http://geonames.org/7668282 ;0.00784468746237;Dakhla Airport;Dakhla Airport;ar;
VIL;C;EH;http://geonames.org/2463447 ;0.00784468746237;Dakhla;Dakhla;ar;الداخلة
VLC;A;ES;http://geonames.org/6299357 ;0.0324474693716;Valencia Airport;Valencia Airport;ar;
VLC;C;ES;http://geonames.org/2509954 ;0.058455855195;Valencia;Valencia;ar;بلنسية
VLL;A;ES;http://geonames.org/6299358 ;0.00499073647588;Valladolid Airport;Valladolid Airport;ar;
VLL;C;ES;http://geonames.org/3106672 ;0.061685809517;Valladolid;Valladolid;ar;بلد الوليد
VRN;A;IT;http://geonames.org/6299601 ;0.0252255044679;Verona Villafranca Airport;Verona Villafranca Airport;ar;
VRN;C;IT;http://geonames.org/3164527 ;0.0250580190997;Verona;Verona;ar;فيرونا
WAE;A;SA;http://geonames.org/6300031 ;0.00775799176449;Wadi al-Dawasir Domestic Airport;Wadi al-Dawasir Domestic Airport;ar;مطار_وادي_الدواسر_المحلي
WAE;C;SA;http://geonames.org/100596 ;0.00775799176449;Wadi ad-Dawasir;Wadi ad-Dawasir;ar;وادي_الدواسر_(محافظة)=محافظة وادي الدواسر
WAW;A;PL;http://geonames.org/6296786 ;0.216455373445;Warsaw Chopin Airport;Warsaw Chopin Airport;ar;
WAW;C;PL;http://geonames.org/756135 ;0.216455373445;Warsaw;Warsaw;ar;وارسو
WDH;A;NA;http://geonames.org/3356556 ;0.0278778329719;Windhoek Hosea Kutako International Airport;Windhoek Hosea Kutako International Airport;ar;
WDH;C;NA;http://geonames.org/3352136 ;0.0469300004919;Windhoek;Windhoek;ar;ويندهوك
XRY;A;ES;http://geonames.org/6299340 ;0.0142141364103;Jerez Airport;Jerez Airport;ar;
XRY;C;ES;http://geonames.org/2516326 ;0.020489923693;Jerez de la Frontera;Jerez de la Frontera;ar;شريش
YAM;A;CA;http://geonames.org/6296153 ;0.016993497062;Sault Ste. Marie Airport;Sault Ste. Marie Airport;ar;
YAM;C;CA;http://geonames.org/6141439 ;0.016993497062;Sault Ste. Marie;Sault Ste. Marie;ar;سو ساينت ماري
YGK;A;CA;http://geonames.org/6296191 ;0.0134518752167;Kingston/Norman Rogers Airport;Kingston/Norman Rogers Airport;ar;
YGK;C;CA;http://geonames.org/5992500 ;0.0490871060428;Kingston;Kingston;ar;كينغستن
YHZ;A;CA;http://geonames.org/6296207 ;0.0925981202937;Halifax International Airport;Halifax International Airport;ar;
YHZ;C;CA;http://geonames.org/6324729 ;0.0914598012047;Halifax;Halifax;ar;
YNB;A;SA;http://geonames.org/6300033 ;0.0186971050634;Yanbu Airport;Yanbu Airport;ar;
YNB;C;SA;http://geonames.org/100425 ;0.0186971050634;Yanbu;Yanbu;ar;ينبع
YOW;A;CA;http://geonames.org/6296246 ;0.106542513473;Ottawa Macdonald-Cartier International Airport;Ottawa Macdonald-Cartier International Airport;ar;
YOW;C;CA;http://geonames.org/6094817 ;0.107883514618;Ottawa;Ottawa;ar;أوتاوا
YQB;A;CA;http://geonames.org/6301472 ;0.0428827998874;Jean Lesage International Airport;Jean Lesage International Airport;ar;
YQB;C;CA;http://geonames.org/6325494 ;0.0475648139431;Québec;Quebec;ar;مدينة كيبك
YQG;A;CA;http://geonames.org/6296259 ;0.0153855608389;Windsor Airport;Windsor Airport;ar;
YQG;C;CA;http://geonames.org/6182962 ;0.0229215103149;Windsor;Windsor;ar;ويندزر
YQM;A;CA;http://geonames.org/6296263 ;0.0267243095864;Greater Moncton International Airport;Greater Moncton International Airport;ar;
YQM;C;CA;http://geonames.org/6076211 ;0.0246913181045;Moncton;Moncton;ar;مونكتون
YQR;A;CA;http://geonames.org/6301474 ;0.0232975632723;Regina;Regina;ar;
YQR;C;CA;http://geonames.org/6119109 ;0.0232975632723;Regina;Regina;ar;ريجاينا
YQT;A;CA;http://geonames.org/6296265 ;0.0346064714568;Thunder Bay International Airport;Thunder Bay International Airport;ar;
YQT;C;CA;http://geonames.org/6166142 ;0.0346064714568;Thunder Bay;Thunder Bay;ar;ثاندر باي، أونتاريو
YSB;A;CA;http://geonames.org/6296276 ;0.0200902965651;Greater Sudbury Airport;Greater Sudbury Airport;ar;
YSB;C;CA;http://geonames.org/5964700 ;0.0161991696726;Greater Sudbury;Greater Sudbury;ar;جريتر سادباري، أونتاريو
YUL;A;CA;http://geonames.org/6296296 ;0.219953571857;Montréal-Pierre Elliott Trudeau International Airport;Montreal-Pierre Elliott Trudeau International Airport;ar;
YVR;A;CA;http://geonames.org/6301485 ;0.25230127089;Vancouver International Airport;Vancouver International Airport;ar;مطار فانكوفر الدولي
YVR;C;CA;http://geonames.org/6173331 ;0.276457374712;Vancouver;Vancouver;ar;فانكوفر
YWG;A;CA;http://geonames.org/6301487 ;0.0802203996787;Winnipeg J. A. Richardson International Airport;Winnipeg J. A. Richardson International Airport;ar;
YWG;C;CA;http://geonames.org/6183235 ;0.0840004329208;Winnipeg;Winnipeg;ar;وينيبيغ
YXE;A;CA;http://geonames.org/6296314 ;0.0274549577632;Saskatoon, Sask.;Saskatoon, Sask.;ar;
YXE;C;CA;http://geonames.org/6141256 ;0.0274549577632;Saskatoon;Saskatoon;ar;ساسكاتون
YXU;A;CA;http://geonames.org/6296323 ;0.0204448787622;London International Airport;London International Airport;ar;
YXU;C;CA;http://geonames.org/6058560 ;0.0382858862954;London;London;ar;لندن، أونتاريو
YYT;A;CA;http://geonames.org/6301497 ;0.0492931403894;St. John's International Airport;St. John's International Airport;ar;
YYT;C;CA;http://geonames.org/6324733 ;0.0492931403894;St. John's;St. John's;ar;سانت جونز
YYZ;A;CA;http://geonames.org/6296338 ;0.482782705448;Toronto Pearson International Airport;Toronto Pearson International Airport;ar;مطار تورونتو بيرسون الدولي
YZR;A;CA;http://geonames.org/6296344 ;0.0102906605121;Sarnia Chris Hadfield Airport;Sarnia Chris Hadfield Airport;ar;
YZR;C;CA;http://geonames.org/6141190 ;0.0122440298522;Sarnia;Sarnia;ar;سارنيا، أونتاريو
ZAG;A;HR;http://geonames.org/3215877 ;0.0536526646245;Zagreb Airport;Zagreb Airport;ar;
ZAG;C;HR;http://geonames.org/3186886 ;0.0536526646245;Zagreb;Zagreb;ar;زغرب
ZRH;A;CH;http://geonames.org/6299722 ;0.175257743372;Zurich Airport;Zurich Airport;ar;
ZRH;C;CH;http://geonames.org/2657896 ;0.176793225197;Zürich;Zurich;ar;زيورخ
